{
    "text": " Guys in todays video I will give you an exercise and Jojo will solve this exercise. I will give them a shout out. So write in the comment section. Challenge accepted.",
    "segments": [
        {
            "id": 0,
            "seek": 0,
            "start": 0.0,
            "end": 4.76,
            "text": " Guys in today's video I will give you an exercise and Jojo will solve this exercise.", "tokens": [50364,
            7855,
            294,
            965,
            311,
            960,
            286,
            486,
            976,
            291,
            364,
            5380,
            293,
            3139,
            5134,
            486,
            5039,
            341,
            5380,
            13,
            50602
        ],
        "temperature": 0.0,
        "avg_logprob": -0.629250194715417,
        "compression_ratio": 1.346774193548387,
        "no_speech_prob": 0.08013930916786194
    },
    {
        "id": 1,
        "seek": 0,
        "start": 4.76,
        "end": 6.6000000000000005,
        "text": " I will give them a shout out.",
        "tokens": [
            50602,
            286,
            486,
            976,
            552,
            257,
            8043,
            484,
            13,
            50694
        ],
        "temperature": 0.0,
        "avg_logprob": -0.629250194715417,
        "compression_ratio": 1.346774193548387,
        "no_speech_prob": 0.08013930916786194
    },
    {
        "id": 2,
        "seek": 0,
        "start": 6.6000000000000005,
        "end": 8.76,
        "text": " So write in the comment section.",
        "tokens": [
            50694,
            407,
            2464,
            294,
            264,
            2871,
            3541,
            13,
            50802
        ],
        "temperature": 0.0,
        "avg_logprob": -0.629250194715417,
        "compression_ratio": 1.346774193548387,
        "no_speech_prob": 0.08013930916786194
    },
    {
        "id": 3,
        "seek": 0,
        "start": 8.76,
        "end": 10.040000000000001,
        "text": " Challenge accepted.",
        "tokens": [
            50802,
            17517,
            9035,
            13,
            50866
        ],
        "temperature": 0.0,
        "avg_logprob": -0.629250194715417,
        "compression_ratio": 1.346774193548387,
        "no_speech_prob": 0.08013930916786194
    }
],
"language": "hi"
}